{
    "avg_plddt": 52.57643508911133,
    "gpde": 19.110774993896484
}