{
    "avg_plddt": 52.580501556396484,
    "gpde": 19.104347229003906
}