{
    "avg_plddt": 72.99545288085938,
    "gpde": 0.610310971736908,
    "iptm": 0.0,
    "ptm": 0.660081148147583,
    "disorder": 0.0,
    "has_clash": 0.0,
    "sample_ranking_score": 0.13201622664928436,
    "chain_ptm": {
        "A": 0.660081148147583
    },
    "chain_pair_iptm": {},
    "bespoke_iptm": {}
}