{
    "avg_plddt": 72.824951171875,
    "gpde": 0.6085742115974426,
    "iptm": 0.0,
    "ptm": 0.6593632698059082,
    "disorder": 0.0,
    "has_clash": 0.0,
    "sample_ranking_score": 0.13187265396118164,
    "chain_ptm": {
        "A": 0.6593632698059082
    },
    "chain_pair_iptm": {},
    "bespoke_iptm": {}
}