{
    "avg_plddt": 73.0074462890625,
    "gpde": 0.6107919216156006,
    "iptm": 0.0,
    "ptm": 0.6585440635681152,
    "disorder": 0.0,
    "has_clash": 0.0,
    "sample_ranking_score": 0.13170881569385529,
    "chain_ptm": {
        "A": 0.6585440635681152
    },
    "chain_pair_iptm": {},
    "bespoke_iptm": {}
}