{
    "avg_plddt": 73.06486511230469,
    "gpde": 0.6122412085533142,
    "iptm": 0.0,
    "ptm": 0.6565391421318054,
    "disorder": 0.0,
    "has_clash": 0.0,
    "sample_ranking_score": 0.13130782544612885,
    "chain_ptm": {
        "A": 0.6565391421318054
    },
    "chain_pair_iptm": {},
    "bespoke_iptm": {}
}