{
    "avg_plddt": 38.74689483642578,
    "gpde": 3.4709393978118896
}