{
    "avg_plddt": 53.84678649902344,
    "gpde": 14.65827465057373
}