{
    "avg_plddt": 53.82819366455078,
    "gpde": 14.677873611450195
}