{
    "avg_plddt": 83.05262756347656,
    "gpde": 0.44652000069618225
}