{
    "avg_plddt": 83.05773162841797,
    "gpde": 0.44645875692367554
}