{
    "avg_plddt": 71.31597900390625,
    "gpde": 0.6126207709312439,
    "iptm": 0.0,
    "ptm": 0.6567285656929016,
    "disorder": 0.0,
    "has_clash": 0.0,
    "sample_ranking_score": 0.1313457190990448,
    "chain_ptm": {
        "A": 0.6567285656929016
    },
    "chain_pair_iptm": {},
    "bespoke_iptm": {}
}