{
    "avg_plddt": 71.6174545288086,
    "gpde": 0.6052606701850891,
    "iptm": 0.0,
    "ptm": 0.6612973213195801,
    "disorder": 0.0,
    "has_clash": 0.0,
    "sample_ranking_score": 0.13225947320461273,
    "chain_ptm": {
        "A": 0.6612973213195801
    },
    "chain_pair_iptm": {},
    "bespoke_iptm": {}
}