{
    "avg_plddt": 72.03964233398438,
    "gpde": 0.6014323830604553,
    "iptm": 0.0,
    "ptm": 0.6637296080589294,
    "disorder": 0.0,
    "has_clash": 0.0,
    "sample_ranking_score": 0.1327459216117859,
    "chain_ptm": {
        "A": 0.6637296080589294
    },
    "chain_pair_iptm": {},
    "bespoke_iptm": {}
}