{
    "avg_plddt": 71.77216339111328,
    "gpde": 0.5960010886192322,
    "iptm": 0.0,
    "ptm": 0.6646329164505005,
    "disorder": 0.0,
    "has_clash": 0.0,
    "sample_ranking_score": 0.1329265832901001,
    "chain_ptm": {
        "A": 0.6646329164505005
    },
    "chain_pair_iptm": {},
    "bespoke_iptm": {}
}