{
    "avg_plddt": 25.034658432006836,
    "gpde": 3.1434199810028076,
    "iptm": 0.0,
    "ptm": 0.09325986355543137,
    "disorder": 1.0,
    "has_clash": 0.0,
    "sample_ranking_score": 0.5186519622802734,
    "chain_ptm": {
        "A": 0.09325986355543137
    },
    "chain_pair_iptm": {},
    "bespoke_iptm": {}
}