{
    "avg_plddt": 25.797496795654297,
    "gpde": 3.1808621883392334,
    "iptm": 0.0,
    "ptm": 0.09082582592964172,
    "disorder": 1.0,
    "has_clash": 0.0,
    "sample_ranking_score": 0.5181651711463928,
    "chain_ptm": {
        "A": 0.09082582592964172
    },
    "chain_pair_iptm": {},
    "bespoke_iptm": {}
}