{
    "avg_plddt": 24.6573429107666,
    "gpde": 3.138418436050415,
    "iptm": 0.0,
    "ptm": 0.09880605340003967,
    "disorder": 1.0,
    "has_clash": 0.0,
    "sample_ranking_score": 0.5197612047195435,
    "chain_ptm": {
        "A": 0.09880605340003967
    },
    "chain_pair_iptm": {},
    "bespoke_iptm": {}
}