{
    "avg_plddt": 25.955821990966797,
    "gpde": 3.1641390323638916,
    "iptm": 0.0,
    "ptm": 0.09546226263046265,
    "disorder": 1.0,
    "has_clash": 0.0,
    "sample_ranking_score": 0.5190924406051636,
    "chain_ptm": {
        "A": 0.09546226263046265
    },
    "chain_pair_iptm": {},
    "bespoke_iptm": {}
}