{
    "avg_plddt": 39.04835891723633,
    "gpde": 2.2672901153564453
}