{
    "avg_plddt": 39.06415939331055,
    "gpde": 2.2688112258911133
}