{
    "avg_plddt": 76.16261291503906,
    "gpde": 0.5866881608963013
}