{
    "avg_plddt": 76.14690399169922,
    "gpde": 0.5867514610290527
}