{
    "avg_plddt": 49.498130798339844,
    "gpde": 14.706315040588379
}