{
    "avg_plddt": 79.02488708496094,
    "gpde": 0.5477936863899231
}