{
    "avg_plddt": 49.313941955566406,
    "gpde": 14.72372055053711
}