{
    "avg_plddt": 79.01607513427734,
    "gpde": 0.5480762720108032
}