{
    "avg_plddt": 38.7985954284668,
    "gpde": 3.4719936847686768
}