{
    "avg_plddt": 39.12442398071289,
    "gpde": 2.265307664871216
}