{
    "avg_plddt": 39.131263732910156,
    "gpde": 2.2611451148986816
}