{
    "avg_plddt": 38.948158264160156,
    "gpde": 1.1071497201919556,
    "iptm": 0.0,
    "ptm": 0.5092183947563171,
    "disorder": 0.08571428805589676,
    "has_clash": 0.0,
    "sample_ranking_score": 0.144700825214386,
    "chain_ptm": {
        "A": 0.5092183947563171
    },
    "chain_pair_iptm": {},
    "bespoke_iptm": {}
}