{
    "avg_plddt": 36.634735107421875,
    "gpde": 1.15885329246521,
    "iptm": 0.0,
    "ptm": 0.46200111508369446,
    "disorder": 0.16190476715564728,
    "has_clash": 0.0,
    "sample_ranking_score": 0.17335259914398193,
    "chain_ptm": {
        "A": 0.46200111508369446
    },
    "chain_pair_iptm": {},
    "bespoke_iptm": {}
}