{
    "avg_plddt": 38.73891830444336,
    "gpde": 1.2788485288619995,
    "iptm": 0.0,
    "ptm": 0.4606465697288513,
    "disorder": 0.15238095819950104,
    "has_clash": 0.0,
    "sample_ranking_score": 0.16831979155540466,
    "chain_ptm": {
        "A": 0.4606465697288513
    },
    "chain_pair_iptm": {},
    "bespoke_iptm": {}
}