{
    "avg_plddt": 39.11562728881836,
    "gpde": 1.2917133569717407,
    "iptm": 0.0,
    "ptm": 0.4516441822052002,
    "disorder": 0.16190476715564728,
    "has_clash": 0.0,
    "sample_ranking_score": 0.17128121852874756,
    "chain_ptm": {
        "A": 0.4516441822052002
    },
    "chain_pair_iptm": {},
    "bespoke_iptm": {}
}