{
    "avg_plddt": 36.63768768310547,
    "gpde": 1.6420300006866455,
    "iptm": 0.0,
    "ptm": 0.33441269397735596,
    "disorder": 0.0,
    "has_clash": 0.0,
    "sample_ranking_score": 0.06688254326581955,
    "chain_ptm": {
        "A": 0.33441269397735596
    },
    "chain_pair_iptm": {},
    "bespoke_iptm": {}
}