{
    "avg_plddt": 39.57381057739258,
    "gpde": 1.5123236179351807,
    "iptm": 0.0,
    "ptm": 0.35731470584869385,
    "disorder": 0.5263158082962036,
    "has_clash": 0.0,
    "sample_ranking_score": 0.3346208333969116,
    "chain_ptm": {
        "A": 0.35731470584869385
    },
    "chain_pair_iptm": {},
    "bespoke_iptm": {}
}