{
    "avg_plddt": 54.04888916015625,
    "gpde": 11.533836364746094
}