{
    "avg_plddt": 54.07157897949219,
    "gpde": 11.502373695373535
}